Category,Probability,Normal mean (km),Normal SD (km),Mean log,SD log,WHP lower,WHP upper
Very Low,25%,2,1,0.582,0.472,0,130.484375
Low,25%,3,1,1.046,0.325,130.484375,397.296875
Moderate,25%,4.5,1.5,1.451,0.325,397.296875,1097.703125
High,15%,7,2,1.907,0.28,1097.703125,3507.46875
Very High,5%,12,3,2.455,0.246,3507.46875,7753.109375
Extreme,4%,18,4,2.866,0.22,7753.109375,22429.154374999955
Ultra (Top 1%),1%,28,6,3.31,0.212,22429.154374999955,64185.65625
