Category,Probability,WHP lower,WHP upper,Normal mean (km),Normal SD (km),Mean log,SD log,Lognormal median (km),Lognormal mean (km)
Very Low,25,0,130.484375,2,1,0.582,0.472,1.79,2
Low,25,130.484375,397.296875,3,1,1.046,0.325,2.846,3.001
Moderate,25,397.296875,1097.703125,4.5,1.5,1.451,0.325,4.267,4.499
High,15,1097.703125,3507.46875,7,2,1.907,0.28,6.733,7.002
Very High,5,3507.46875,7753.109375,12,3,2.455,0.246,11.646,12.004
Extreme,4,7753.109375,22429.154375,18,4,2.866,0.22,17.567,17.997
Ultra (Top 1%),1,22429.154375,64185.65625,28,6,3.31,0.212,27.385,28.007
