min,max,mean,sd
0,64185.65625,1615.6682347625215,4119.6738470778155
