area_km2,area_acres
231477.44538898394,57199322.33575157
